[
    {
      "name": "MSCHF Big Red Boots",
      "image": "mschfbigredboots",
      "price": 449,
      "description": "The MSCHF big red boots are a standout and edgy choice. With their bold red color and unique design, these boots offer a striking and unconventional look. They provide durability, traction, and are perfect for those who want to make a bold fashion statement.",
      "brand": "MSCHF",
      "category": "Boots",
      "countInStock": 3,
      "rating": 3.5,
      "numReviews": 8
    },
    {
      "name": "Vans Check Board",
      "image": "vanscheckboard",
      "price": 49,
      "description": "The Vans check board sneakers are a trendy and fashionable choice for casual wear. Featuring the iconic checkered pattern, these sneakers add a bold and playful touch to any outfit. They provide comfort, style, and are perfect for skateboarding or everyday use.",
      "brand": "Vans",
      "category": "Sneakers",
      "countInStock": 13,
      "rating": 4.5,
      "numReviews": 5
    },
    {
      "name": "Nike Air Force",
      "image": "nikeairforce",
      "price": 64,
      "description": "The Nike air force sneakers are a classic and versatile choice. They offer excellent comfort and support with their cushioned midsole and durable construction. These sneakers feature a timeless design that complements various styles and outfits.",
      "brand": "Nike",
      "category": "Sneakers",
      "countInStock": 6,
      "rating": 4,
      "numReviews": 4
    },
    {
      "name": "Nike Jordan University Blue",
      "image": "nikejordanuniversityblue",
      "coverImage": "nikejordoncover",
      "price": 149,
      "description": "The Nike jordan university blue sneakers are a must-have for basketball enthusiasts and sneaker collectors. These high-top sneakers feature a premium leather construction, excellent cushioning, and iconic Jordan branding. They provide style, performance, and are perfect for both on-court and off-court wear.",
      "brand": "Nike",
      "category": "Sneakers",
      "countInStock": 6,
      "rating": 5,
      "numReviews": 5
    },
    {
      "name": "Nike Travis Scott Phantom Black",
      "image": "niketravisscottphantonblack",
      "price": 139,
      "description": "The Nike travis scott phantom black sneakers are a stylish and trendy choice. Designed in collaboration with Travis Scott, these sneakers offer a unique and eye-catching aesthetic. They provide comfort, style, and are perfect for fashion-forward individuals.",
      "brand": "Nike",
      "category": "Sneakers",
      "countInStock": 2,
      "rating": 4.2,
      "numReviews": 4
    },
    {
      "name": "Adidas Campus Green",
      "image": "adidasgampusgreen",
      "price": 65,
      "description": "The Adidas campus green sneakers are a stylish and versatile choice. With their classic silhouette and vibrant green color, these sneakers add a pop of color to your outfit. They offer comfort, durability, and are suitable for various occasions.",
      "brand": "Adidas",
      "category": "Sneakers",
      "countInStock": 9,
      "rating": 3,
      "numReviews": 7
    },
    {
      "name": "Nike Dunk Low Fog Grey",
      "image": "nikedunklowfoggrey",
      "price": 119,
      "description": "The Nike dunk low fog grey sneakers are a stylish and trendy choice for sneaker enthusiasts. Featuring a low-top design and premium materials, these sneakers offer both style and comfort. They are suitable for everyday wear or adding a fashionable touch to your outfit.",
      "brand": "Nike",
      "category": "Sneakers",
      "countInStock": 5,
      "rating": 4.8,
      "numReviews": 18
    },
    
      {
        "name": "Vans Old Skool Black",
        "image": "vansoldskoolblack",
        "coverImage": "vansoldskoolcover",
        "price": 44,
        "description": "The Vans old skool black sneakers are a timeless and versatile choice. With their classic design and all-black colorway, these sneakers offer a sleek and minimalist aesthetic. They provide comfort, durability, and are suitable for various occasions.",
        "brand": "Vans",
        "category": "Sneakers",
        "countInStock": 0,
        "rating": 5,
        "numReviews": 18
      },
      {
        "name": "Yeezy Slides Black",
        "image": "yezzyslidesblack",
        "price": 159,
        "description": "The Yeezy slides black are a stylish and comfortable choice for casual wear. With their minimalist design and lightweight construction, these slides offer easy slip-on functionality and cushioned comfort. They are perfect for lounging or running errands in style.",
        "brand": "Yeezy",
        "category": "Slides",
        "countInStock": 5,
        "rating": 3,
        "numReviews": 8
      },
      {
        "name": "Yeezy Slides Brown",
        "image": "yezzyslidesbrown",
        "coverImage": "yeezybrowncover",
        "price": 119,
        "description": "The Yeezy slides brown are a fashionable and comfortable choice for casual wear. With their earthy brown color and minimalist design, these slides offer both style and functionality. They are perfect for lounging or adding a trendy touch to your summer outfits.",
        "brand": "Yeezy",
        "category": "Slides",
        "countInStock": 6,
        "rating": 5,
        "numReviews": 9
      },
      {
        "name": "Yeezy Boost Oreo",
        "image": "yezzyboostoreo",
        "price": 459,
        "description": "The Yeezy boost oreo sneakers are a highly soughtafter and collectible choice. These sneakers feature a unique design with a blend of black and white colors, creating a visually striking look. They offer comfort, style, and are perfect for sneaker enthusiasts and fashion-forward individuals.",
        "brand": "Yeezy",
        "category": "Sneakers",
        "countInStock": 2,
        "rating": 5,
        "numReviews": 5
      },
      {
        "name": "Nike Dunk Pandas",
        "image": "nikedunklowpanda",
        "price": 119,
        "description": "The Nike dunk pandas sneakers are a stylish and eye-catching choice for sneaker enthusiasts. With their black and white panda-inspired design, these sneakers offer a unique and playful look. They provide comfort, durability, and are perfect for making a statement with your outfit.",
        "brand": "Nike",
        "category": "Sneakers",
        "countInStock": 3,
        "rating": 5,
        "numReviews": 17
      },
      {
        "name": "Nike Jordan 3 White Cement",
        "image": "nikejordon3whitecement",
        "price": 149,
        "description": "The Nike jordan 3 white cement sneakers are a classic and iconic choice for sneaker enthusiasts and Jordan brand fans. These sneakers feature a white and grey colorway with elephant print details, offering a timeless and stylish look. They provide comfort, performance, and are perfect for both casual and athletic wear.",
        "brand": "Nike",
        "category": "Sneakers",
        "countInStock": 4,
        "rating": 4,
        "numReviews": 12
      },
      {
        "name": "Nike Travis Scott Reverse Mocha",
        "image": "niketravisscottreversemocha",
        "price": 239,
        "description": "The Nike travis scott reverse mocha sneakers are a highly sought-after and limited-edition choice. Designed in collaboration with Travis Scott, these sneakers offer a unique and eye-catching design. They provide comfort, style, and are perfect for sneaker collectors and fashion enthusiasts.",
        "brand": "Nike",
        "category": "Sneakers",
        "countInStock": 3,
        "rating": 5,
        "numReviews": 4
      },
      {
        "name": "Converse Chuck White",
        "image": "conversechunkwhite",
        "price": 49,
        "description": "The Converse chuck white sneakers are a timeless and versatile choice. With their classic hightop design and white canvas upper, these sneakers offer a clean and minimalist look. They provide comfort, durability, and are suitable for various casual occasions.",
        "brand": "Converse",
        "category": "Sneakers",
        "countInStock": 8,
        "rating": 3,
        "numReviews": 7
      },
      {
        "name": "Converse Chuck Black",
        "image": "conversechunkblack",
        "price": 49,
        "description": "The Converse chuck black sneakers are a classic and versatile choice. With their iconic high-top design and black canvas upper, these sneakers offer a timeless and stylish look. They provide comfort, durability, and are suitable for various casual occasions.",
        "brand": "Converse",
        "category": "Sneakers",
        "countInStock": 6,
        "rating": 5,
        "numReviews": 5
      },
      {
        "name": "Converse Runstar Black",
        "image": "converserunstarblack",
        "price": 89,
        "description": "The Converse runstar black sneakers are a modern and stylish choice. With their sleek design and black color, these sneakers offer a contemporary and versatile look. They provide comfort, flexibility, and are suitable for both casual and athletic wear.",
        "brand": "Converse",
        "category": "Sneakers",
        "countInStock": 6,
        "rating": 5,
        "numReviews": 11
      },
      {
        "name": "Yeezy Foam Runner",
        "image": "yezzyfoamrunnerblack",
        "price": 159,
        "description": "The Yeezy foam runner sneakers are a unique and futuristic choice. With their innovative design and black color, these sneakers offer a bold and fashionforward look. They provide comfort, breathability, and are perfect for making a statement with your footwear.",
        "brand": "Yeezy",
        "category": "Slides",
        "countInStock": 0,
        "rating": 4,
        "numReviews": 6
      },
      {
        "name": "Adidas Superstar White",
        "image": "adidassuperstarwhite",
        "price": 49,
        "description": "The Adidas superstar white sneakers are a classic and iconic footwear choice. They feature a clean and timeless design, perfect for adding a stylish touch to your outfit. These sneakers are comfortable, durable, and suitable for everyday wear.",
        "brand": "Adidas",
        "category": "Sneakers",
        "countInStock": 3,
        "rating": 3,
        "numReviews": 11
      },
      {
        "name": "Vans Old Skool Grey",
        "image": "vansoldskoolgrey",
        "price": 49,
        "description": "The Vans old skool grey sneakers are a popular choice for skateboarders and streetwear enthusiasts. With their classic low-top design and iconic side stripe, these sneakers offer both style and functionality. They are comfortable, versatile, and built to last.",
        "brand": "Vans",
        "category": "Sneakers",
        "countInStock": 8,
        "rating": 3.5,
        "numReviews": 12
      }
    ]
      